{"Version":9,"Id":"Security Principles","MissionName":"Deception and Disruption","ObjectiveText":"Learn about the Cyber Security Principle of Deception and Disruption","HomeSystem":"","ConnectToRootDevice":true,"FilesToRestore":[],"FilesToRemove":[],"CustomNetworkName":"100","NextResourcesMissionIndex":-1,"StatisticsTimerEasy":0,"StatisticsTimerMedium":0,"StatisticsTimerHard":0,"SpecialAvatarIndex":-1,"NotesCharacter":0,"MapColor":{"_colorLightSingle":{"r":0.6431372761726379,"g":0.658823549747467,"b":0.8196078538894653,"a":1.0},"_colorLightSecondary":{"r":0.6431372761726379,"g":0.658823549747467,"b":0.8196078538894653,"a":1.0},"_colorGround":{"r":0.08627451211214066,"g":0.12156862765550614,"b":0.24313725531101228,"a":1.0}},"MusicSnapshotIndex":0,"ToolbarAppsStates":[{"Application":0,"Locked":false,"IsEnabled":true},{"Application":1,"Locked":false,"IsEnabled":true},{"Application":2,"Locked":false,"IsEnabled":true},{"Application":3,"Locked":false,"IsEnabled":true},{"Application":5,"Locked":false,"IsEnabled":true}],"ForgeSyncData":{"creatorId":"","missionGUID":"","lastUpdateUNIXTimeStamp":0,"missionForgeApiId":0},"StorySteps":[{"Id":"Step_0","GoalName":"","OrderProcessingType":1,"CommandsWhenStart":["unlockapplist ssh%0acd%0anmap%0als%0aifconfig%0aftp%0acat%0adirb%0atelnet -1","#clear "],"AfterGoalsSteps":[],"CommandsWaitingFor":[{"Name":"skip","DeviceName":"","ArgsWaitingFor":[]}],"BlockOfGoalsStepsIds":[],"BlockOfGoalsNextStepId":"","BlockOfGoalsOptionalGoal":false,"BlockOfGoalsHiddenGoal":false},{"Id":"Step_1","GoalName":"","OrderProcessingType":1,"CommandsWhenStart":["nitroapp BusinessRASCAL Sun+Tzu+wrote+in+his+book%2c+The+Art+of+War%2c+%e2%80%9cAll+warfare+is+based+on+deception.%e2%80%9d _ 0.5 true","smdelay 0.7","nitrocaption 1"],"AfterGoalsSteps":[],"CommandsWaitingFor":[{"Name":"nitrocaption","DeviceName":"","ArgsWaitingFor":["1"]}],"BlockOfGoalsStepsIds":[],"BlockOfGoalsNextStepId":"","BlockOfGoalsOptionalGoal":false,"BlockOfGoalsHiddenGoal":false},{"Id":"Step_2","GoalName":"","OrderProcessingType":1,"CommandsWhenStart":["nitroapp BusinessRASCAL Organization%e2%80%99s+can+use+%3ccolor%3d%2300B7AC%3eDeception%3c%2fcolor%3e+to+cause+%3ccolor%3d%2300B7AC%3eDisruption%3c%2fcolor%3e+to+threat+actors. _ 0.5 true","smdelay 0.7","nitrocaption 1"],"AfterGoalsSteps":[],"CommandsWaitingFor":[{"Name":"nitrocaption","DeviceName":"","ArgsWaitingFor":["1"]}],"BlockOfGoalsStepsIds":[],"BlockOfGoalsNextStepId":"","BlockOfGoalsOptionalGoal":false,"BlockOfGoalsHiddenGoal":false},{"Id":"Step_3","GoalName":"","OrderProcessingType":1,"CommandsWhenStart":["nitroapp BusinessDekkar Let%e2%80%99s+take+a+step+back+Rascal.++Let%e2%80%99s+make+sure+we+are+all+on+the+same+page+with+our+definitions. _ 0.5 true","smdelay 0.7","nitrocaption 1"],"AfterGoalsSteps":[],"CommandsWaitingFor":[{"Name":"nitrocaption","DeviceName":"","ArgsWaitingFor":["1"]}],"BlockOfGoalsStepsIds":[],"BlockOfGoalsNextStepId":"","BlockOfGoalsOptionalGoal":false,"BlockOfGoalsHiddenGoal":false},{"Id":"Step_4","GoalName":"","OrderProcessingType":1,"CommandsWhenStart":["nitroapp BusinessRASCAL Salutations%2c+Mina%2c+I%e2%80%99m+glad+you+could+join+us+today. _ 0.5 true","smdelay 0.7","nitrocaption 1"],"AfterGoalsSteps":[],"CommandsWaitingFor":[{"Name":"nitrocaption","DeviceName":"","ArgsWaitingFor":["1"]}],"BlockOfGoalsStepsIds":[],"BlockOfGoalsNextStepId":"","BlockOfGoalsOptionalGoal":false,"BlockOfGoalsHiddenGoal":false},{"Id":"Step_5","GoalName":"","OrderProcessingType":1,"CommandsWhenStart":["nitroapp BusinessRASCAL %7bPlayerName%7d%2c+when+I+use+the+term+%3ccolor%3d%2300B7AC%3ethreat+actor%3c%2fcolor%3e%2c+I+mean+the+individuals+and+groups+posing+cyber+threats. _ 0.5 true","smdelay 0.7","nitrocaption 1"],"AfterGoalsSteps":[],"CommandsWaitingFor":[{"Name":"nitrocaption","DeviceName":"","ArgsWaitingFor":["1"]}],"BlockOfGoalsStepsIds":[],"BlockOfGoalsNextStepId":"","BlockOfGoalsOptionalGoal":false,"BlockOfGoalsHiddenGoal":false},{"Id":"Step_6","GoalName":"","OrderProcessingType":1,"CommandsWhenStart":["nitroapp BusinessRASCAL With+%3ccolor%3d%2300B7AC%3ecyber+threats%3c%2fcolor%3e+being+any+circumstance+or+event+with+the+potential+to+adversely+impact+organizational+operations+(including+mission%2c+functions%2c+image%2c+or+reputation)%2c+organizational+assets%2c+individuals%2c+other+organizations%2c+or+the+Nation+through+an+information+system+via+unauthorized+access%2c+destruction%2c+disclosure%2c+or+modification+of+information%2c+and%2for+denial+of+service. _ 0.5 true","smdelay 0.7","nitrocaption 1"],"AfterGoalsSteps":[],"CommandsWaitingFor":[{"Name":"nitrocaption","DeviceName":"","ArgsWaitingFor":["1"]}],"BlockOfGoalsStepsIds":[],"BlockOfGoalsNextStepId":"","BlockOfGoalsOptionalGoal":false,"BlockOfGoalsHiddenGoal":false},{"Id":"Step_7","GoalName":"","OrderProcessingType":1,"CommandsWhenStart":["nitroapp BusinessDekkar Thanks%2c+Rascal%2c+it%e2%80%99s+important+we+have+a+clear+understanding+about+those+terms. _ 0.5 true","smdelay 0.7","nitrocaption 1"],"AfterGoalsSteps":[],"CommandsWaitingFor":[{"Name":"nitrocaption","DeviceName":"","ArgsWaitingFor":["1"]}],"BlockOfGoalsStepsIds":[],"BlockOfGoalsNextStepId":"","BlockOfGoalsOptionalGoal":false,"BlockOfGoalsHiddenGoal":false},{"Id":"Step_8","GoalName":"","OrderProcessingType":1,"CommandsWhenStart":["nitroapp BusinessDekkar Threat+actors+are+always+looking+for+systems+to+infiltrate.+Most+of+the+time%2c+they+are+using+automated+systems+to+scour+the+web+for+targets. _ 0.5 true","smdelay 0.7","nitrocaption 1"],"AfterGoalsSteps":[],"CommandsWaitingFor":[{"Name":"nitrocaption","DeviceName":"","ArgsWaitingFor":["1"]}],"BlockOfGoalsStepsIds":[],"BlockOfGoalsNextStepId":"","BlockOfGoalsOptionalGoal":false,"BlockOfGoalsHiddenGoal":false},{"Id":"Step_9","GoalName":"","OrderProcessingType":1,"CommandsWhenStart":["nitroapp BusinessDekkar One+tactic+an+organization+can+employ+is+to+set+up+decoys+to+distract+the+threat+actors. _ 0.5 true","smdelay 0.7","nitrocaption 1"],"AfterGoalsSteps":[],"CommandsWaitingFor":[{"Name":"nitrocaption","DeviceName":"","ArgsWaitingFor":["1"]}],"BlockOfGoalsStepsIds":[],"BlockOfGoalsNextStepId":"","BlockOfGoalsOptionalGoal":false,"BlockOfGoalsHiddenGoal":false},{"Id":"Step_10","GoalName":"","OrderProcessingType":1,"CommandsWhenStart":["nitroapp BusinessDekkar If+an+organization+can+make+the+decoy+to+look+real+enough%2c+then+the+threat+actors+will+take+the+bait+that+their+automation+has+found. _ 0.5 true","smdelay 0.7","nitrocaption 1"],"AfterGoalsSteps":[],"CommandsWaitingFor":[{"Name":"nitrocaption","DeviceName":"","ArgsWaitingFor":["1"]}],"BlockOfGoalsStepsIds":[],"BlockOfGoalsNextStepId":"","BlockOfGoalsOptionalGoal":false,"BlockOfGoalsHiddenGoal":false},{"Id":"Step_11","GoalName":"","OrderProcessingType":1,"CommandsWhenStart":["nitroapp BusinessRASCAL This+deception+can+lead+to+a+disruption+of+miscreant+behavior+by+wasting+threat+actors%27+time+exploring+worthless+assets+and+once+their+presence+is+revealed%2c+then+their+behavior+can+be+studied. _ 0.5 true","smdelay 0.7","nitrocaption 1"],"AfterGoalsSteps":[],"CommandsWaitingFor":[{"Name":"nitrocaption","DeviceName":"","ArgsWaitingFor":["1"]}],"BlockOfGoalsStepsIds":[],"BlockOfGoalsNextStepId":"","BlockOfGoalsOptionalGoal":false,"BlockOfGoalsHiddenGoal":false},{"Id":"Step_12","GoalName":"","OrderProcessingType":1,"CommandsWhenStart":["nitroapp BusinessDekkar Analysis+of+the+logged+behavior+can+then+be+turned+into+cyber+intelligence+and+used+to+improve+an+organization%e2%80%99s+threat+detection+on+the+real+network. _ 0.5 true","smdelay 0.7","nitrocaption 1"],"AfterGoalsSteps":[],"CommandsWaitingFor":[{"Name":"nitrocaption","DeviceName":"","ArgsWaitingFor":["1"]}],"BlockOfGoalsStepsIds":[],"BlockOfGoalsNextStepId":"","BlockOfGoalsOptionalGoal":false,"BlockOfGoalsHiddenGoal":false},{"Id":"Step_13","GoalName":"","OrderProcessingType":1,"CommandsWhenStart":["nitroapp BusinessRASCAL Let%e2%80%99s+define+the+term+%3ccolor%3d%2300B7AC%3ehoneypot%3c%2fcolor%3e.+ _ 0.5 true","smdelay 0.7","nitrocaption 1"],"AfterGoalsSteps":[],"CommandsWaitingFor":[{"Name":"nitrocaption","DeviceName":"","ArgsWaitingFor":["1"]}],"BlockOfGoalsStepsIds":[],"BlockOfGoalsNextStepId":"","BlockOfGoalsOptionalGoal":false,"BlockOfGoalsHiddenGoal":false},{"Id":"Step_14","GoalName":"","OrderProcessingType":1,"CommandsWhenStart":["nitroapp BusinessRASCAL A+honeypot+is+a+network-attached+system+used+to+lure+threat+actors.+A+virtual+world+created+to+distract. _ 0.5 true","smdelay 0.7","nitrocaption 1"],"AfterGoalsSteps":[],"CommandsWaitingFor":[{"Name":"nitrocaption","DeviceName":"","ArgsWaitingFor":["1"]}],"BlockOfGoalsStepsIds":[],"BlockOfGoalsNextStepId":"","BlockOfGoalsOptionalGoal":false,"BlockOfGoalsHiddenGoal":false},{"Id":"Step_15","GoalName":"","OrderProcessingType":1,"CommandsWhenStart":["nitroapp BusinessDekkar Honeypots+can+come+in+several+different+shapes+and+sizes%2c+but+the+goal+is+always+the+same%2c+try+and+look+as+real+as+possible. _ 0.5 true","smdelay 0.7","nitrocaption 1"],"AfterGoalsSteps":[],"CommandsWaitingFor":[{"Name":"nitrocaption","DeviceName":"","ArgsWaitingFor":["1"]}],"BlockOfGoalsStepsIds":[],"BlockOfGoalsNextStepId":"","BlockOfGoalsOptionalGoal":false,"BlockOfGoalsHiddenGoal":false},{"Id":"Step_16","GoalName":"","OrderProcessingType":1,"CommandsWhenStart":["nitroapp BusinessRASCAL It+can+become+a+cyber+version+of+the+Red+Queen%e2%80%99s+Hypothesis.+It+is+a+constant+race+between+the+threat+actors+trying+to+determine+if+the+systems+are+real+versus+the+defenders+creating+more+and+more+realistic+honeypots. _ 0.5 true","smdelay 0.7","nitrocaption 1"],"AfterGoalsSteps":[],"CommandsWaitingFor":[{"Name":"nitrocaption","DeviceName":"","ArgsWaitingFor":["1"]}],"BlockOfGoalsStepsIds":[],"BlockOfGoalsNextStepId":"","BlockOfGoalsOptionalGoal":false,"BlockOfGoalsHiddenGoal":false},{"Id":"Step_17","GoalName":"","OrderProcessingType":1,"CommandsWhenStart":["nitroapp BusinessRASCAL Let+me+show+you+what+we+mean. _ 0.5 true","smdelay 0.7","nitrocaption 1"],"AfterGoalsSteps":[],"CommandsWaitingFor":[{"Name":"nitrocaption","DeviceName":"","ArgsWaitingFor":["1"]}],"BlockOfGoalsStepsIds":[],"BlockOfGoalsNextStepId":"","BlockOfGoalsOptionalGoal":false,"BlockOfGoalsHiddenGoal":false},{"Id":"Step_18","GoalName":"","OrderProcessingType":1,"CommandsWhenStart":["nitroapp BusinessDekkar %7bPlayerName%7d%2c+use+nmap+to+scan+the+IP+%3ccolor%3d%23E82629%3e%7bDeviceIP%3aSecPrin_DandD_Gateway%7d%3c%2fcolor%3e.++%3cfont%3d%22SpaceMono-Regular+SDF%22%3e%3cmark%3d%2300B7AC%3enmap+-sV+%7bDeviceIP%3aSecPrin_DandD_Gateway%7d%3c%2fmark%3e%3c%2ffont%3e _ 0.5 true","smdelay 0.7","nitrocaption 0"],"AfterGoalsSteps":[],"CommandsWaitingFor":[{"Name":"nitrocaption","DeviceName":"","ArgsWaitingFor":["1"]}],"BlockOfGoalsStepsIds":[],"BlockOfGoalsNextStepId":"","BlockOfGoalsOptionalGoal":false,"BlockOfGoalsHiddenGoal":false},{"Id":"Step_19","GoalName":"","OrderProcessingType":0,"CommandsWhenStart":[],"AfterGoalsSteps":[],"CommandsWaitingFor":[{"Name":"nmap","DeviceName":"SecPrin_DandD_Gateway","ArgsWaitingFor":[]}],"BlockOfGoalsStepsIds":[],"BlockOfGoalsNextStepId":"","BlockOfGoalsOptionalGoal":false,"BlockOfGoalsHiddenGoal":false},{"Id":"Step_20","GoalName":"","OrderProcessingType":1,"CommandsWhenStart":["nitroapp BusinessDekkar This+gateway+we+just+scanned+is+the+doorway+into+our+honeypot+universe. _ 0.5 true","smdelay 0.7","nitrocaption 1"],"AfterGoalsSteps":[],"CommandsWaitingFor":[{"Name":"nitrocaption","DeviceName":"","ArgsWaitingFor":["1"]}],"BlockOfGoalsStepsIds":[],"BlockOfGoalsNextStepId":"","BlockOfGoalsOptionalGoal":false,"BlockOfGoalsHiddenGoal":false},{"Id":"Step_21","GoalName":"","OrderProcessingType":1,"CommandsWhenStart":["nitroapp BusinessDekkar The+gate+is+the+open+telnet+port+with+credentials+just+waiting+to+be+used. _ 0.5 true","smdelay 0.7","nitrocaption 1"],"AfterGoalsSteps":[],"CommandsWaitingFor":[{"Name":"nitrocaption","DeviceName":"","ArgsWaitingFor":["1"]}],"BlockOfGoalsStepsIds":[],"BlockOfGoalsNextStepId":"","BlockOfGoalsOptionalGoal":false,"BlockOfGoalsHiddenGoal":false},{"Id":"Step_22","GoalName":"","OrderProcessingType":1,"CommandsWhenStart":["nitroapp BusinessRASCAL Run+%3cfont%3d%22SpaceMono-Regular+SDF%22%3e%3cmark%3d%2300B7AC%3etelnet+%7bDeviceIP%3aSecPrin_DandD_Gateway%7d%3c%2fmark%3e%3c%2ffont%3e+and+use+%3ccolor%3d%2300B7AC%3eadmin%3c%2fcolor%3e+for+the+user+and+%3ccolor%3d%2300B7AC%3eadmin%3c%2fcolor%3e+for+the+password+when+prompted. _ 0.5 true","smdelay 0.7","nitrocaption 1"],"AfterGoalsSteps":[],"CommandsWaitingFor":[{"Name":"nitrocaption","DeviceName":"","ArgsWaitingFor":["1"]}],"BlockOfGoalsStepsIds":[],"BlockOfGoalsNextStepId":"","BlockOfGoalsOptionalGoal":false,"BlockOfGoalsHiddenGoal":false},{"Id":"Step_23","GoalName":"","OrderProcessingType":1,"CommandsWhenStart":["nitroapp BusinessRASCAL Once+logged+in%2c+run+%3ccolor%3d%2300B7AC%3els%3c%2fcolor%3e+for+a+directory+listing. _ 0.5 true","smdelay 0.7","nitrocaption 0"],"AfterGoalsSteps":[],"CommandsWaitingFor":[{"Name":"nitrocaption","DeviceName":"","ArgsWaitingFor":["1"]}],"BlockOfGoalsStepsIds":[],"BlockOfGoalsNextStepId":"","BlockOfGoalsOptionalGoal":false,"BlockOfGoalsHiddenGoal":false},{"Id":"Step_24","GoalName":"Learn about honeypots","OrderProcessingType":2,"CommandsWhenStart":[],"AfterGoalsSteps":[],"CommandsWaitingFor":[{"Name":"ls","DeviceName":"SecPrin_DandD_Gateway","ArgsWaitingFor":["/"]}],"BlockOfGoalsStepsIds":[],"BlockOfGoalsNextStepId":"","BlockOfGoalsOptionalGoal":false,"BlockOfGoalsHiddenGoal":false},{"Id":"Step_25","GoalName":"","OrderProcessingType":1,"CommandsWhenStart":["nitroapp BusinessDekkar There+is+not+much+here%2c+but+now+let%e2%80%99s+run+the+%3ccolor%3d%2300B7AC%3eifconfig%3c%2fcolor%3e+command+to+find+this+machine%e2%80%99s+netmask. _ 0.5 true","smdelay 0.7","nitrocaption 1"],"AfterGoalsSteps":[],"CommandsWaitingFor":[{"Name":"nitrocaption","DeviceName":"","ArgsWaitingFor":["1"]}],"BlockOfGoalsStepsIds":[],"BlockOfGoalsNextStepId":"","BlockOfGoalsOptionalGoal":false,"BlockOfGoalsHiddenGoal":false},{"Id":"Step_26","GoalName":"","OrderProcessingType":1,"CommandsWhenStart":["nitroapp BusinessRASCAL A+%3ccolor%3d%2300B7AC%3enetmask%3c%2fcolor%3e+divides+an+IP+address+into+subnets+and+specify+the+network%27s+available+hosts. _ 0.5 true","smdelay 0.7","nitrocaption 1"],"AfterGoalsSteps":[],"CommandsWaitingFor":[{"Name":"nitrocaption","DeviceName":"","ArgsWaitingFor":["1"]}],"BlockOfGoalsStepsIds":[],"BlockOfGoalsNextStepId":"","BlockOfGoalsOptionalGoal":false,"BlockOfGoalsHiddenGoal":false},{"Id":"Step_27","GoalName":"","OrderProcessingType":1,"CommandsWhenStart":["nitroapp BusinessDekkar Getting+into+a+more+in-depth+discussion+about+netmasks+is+out+of+the+scope+of+this+training+session%2c+but+I+wanted+to+bring+it+up+to+show+you+how+knowing+a+netmask+can+make+your+nmap+scan+of+the+network+more+effective. _ 0.5 true","smdelay 0.7","nitrocaption 1"],"AfterGoalsSteps":[],"CommandsWaitingFor":[{"Name":"nitrocaption","DeviceName":"","ArgsWaitingFor":["1"]}],"BlockOfGoalsStepsIds":[],"BlockOfGoalsNextStepId":"","BlockOfGoalsOptionalGoal":false,"BlockOfGoalsHiddenGoal":false},{"Id":"Step_28","GoalName":"","OrderProcessingType":1,"CommandsWhenStart":["nitroapp BusinessDekkar %7bPlayerName%7d%2c+notice+that+the+netmask+is+%3ccolor%3d%237B61FF%3e255.255.255.0%3c%2fcolor%3e%2c+meaning+we+can+use+the+nmap+command+%3cfont%3d%22SpaceMono-Regular+SDF%22%3e%3cmark%3d%2300B7AC%3enmap+-sV+192.168.1.0%2f24%3c%2fmark%3e%3c%2ffont%3e++This+will+tell+nmap+to+scan+the+256+IP+addresses+from+192.168.1.0+to+192.168.1.255. _ 0.5 true","smdelay 0.7","nitrocaption 0"],"AfterGoalsSteps":[],"CommandsWaitingFor":[{"Name":"nitrocaption","DeviceName":"","ArgsWaitingFor":["1"]}],"BlockOfGoalsStepsIds":[],"BlockOfGoalsNextStepId":"","BlockOfGoalsOptionalGoal":false,"BlockOfGoalsHiddenGoal":false},{"Id":"Step_29","GoalName":"","OrderProcessingType":0,"CommandsWhenStart":[],"AfterGoalsSteps":[],"CommandsWaitingFor":[{"Name":"nmap/","DeviceName":"","ArgsWaitingFor":["24"]}],"BlockOfGoalsStepsIds":[],"BlockOfGoalsNextStepId":"","BlockOfGoalsOptionalGoal":false,"BlockOfGoalsHiddenGoal":false},{"Id":"Step_30","GoalName":"","OrderProcessingType":1,"CommandsWhenStart":["nitroapp BusinessDekkar Oh%2c+my.+It%e2%80%99s+full+of+devices.+LOL. _ 0.5 true","smdelay 0.7","nitrocaption 1"],"AfterGoalsSteps":[],"CommandsWaitingFor":[{"Name":"nitrocaption","DeviceName":"","ArgsWaitingFor":["1"]}],"BlockOfGoalsStepsIds":[],"BlockOfGoalsNextStepId":"","BlockOfGoalsOptionalGoal":false,"BlockOfGoalsHiddenGoal":false},{"Id":"Step_31","GoalName":"","OrderProcessingType":1,"CommandsWhenStart":["nitroapp BusinessDekkar Seriously%2c+this+is+our+honeynet. _ 0.5 true","smdelay 0.7","nitrocaption 1"],"AfterGoalsSteps":[],"CommandsWaitingFor":[{"Name":"nitrocaption","DeviceName":"","ArgsWaitingFor":["1"]}],"BlockOfGoalsStepsIds":[],"BlockOfGoalsNextStepId":"","BlockOfGoalsOptionalGoal":false,"BlockOfGoalsHiddenGoal":false},{"Id":"Step_32","GoalName":"","OrderProcessingType":1,"CommandsWhenStart":["nitroapp BusinessRASCAL A+%3ccolor%3d%2300B7AC%3ehoneynet%3c%2fcolor%3e+is+what+is+sounds+like.++A+deception+network+that+includes+server%2c+routers%2c+switches%2c+firewalls+and+workstations. _ 0.5 true","smdelay 0.7","nitrocaption 1"],"AfterGoalsSteps":[],"CommandsWaitingFor":[{"Name":"nitrocaption","DeviceName":"","ArgsWaitingFor":["1"]}],"BlockOfGoalsStepsIds":[],"BlockOfGoalsNextStepId":"","BlockOfGoalsOptionalGoal":false,"BlockOfGoalsHiddenGoal":false},{"Id":"Step_33","GoalName":"","OrderProcessingType":1,"CommandsWhenStart":["nitroapp BusinessRASCAL The+goal+here+is%2c+again%2c+make+this+network+look+real+enough+that+threat+actor+will+waste+time+going+through+all+of+these+devices+while+an+organizations%e2%80%99+security+team+gathers+data+on+the+intruder. _ 0.5 true","smdelay 0.7","nitrocaption 1"],"AfterGoalsSteps":[],"CommandsWaitingFor":[{"Name":"nitrocaption","DeviceName":"","ArgsWaitingFor":["1"]}],"BlockOfGoalsStepsIds":[],"BlockOfGoalsNextStepId":"","BlockOfGoalsOptionalGoal":false,"BlockOfGoalsHiddenGoal":false},{"Id":"Step_34","GoalName":"","OrderProcessingType":1,"CommandsWhenStart":["nitroapp BusinessDekkar And+since+this+is+such+a+controlled+environment%2c+the+security+team+knows+exactly+exactly+who+should+have+access+to+the+honeynet%2c+cutting+down+on+the+number+of+false+positives. _ 0.5 true","smdelay 0.7","nitrocaption 1"],"AfterGoalsSteps":[],"CommandsWaitingFor":[{"Name":"nitrocaption","DeviceName":"","ArgsWaitingFor":["1"]}],"BlockOfGoalsStepsIds":[],"BlockOfGoalsNextStepId":"","BlockOfGoalsOptionalGoal":false,"BlockOfGoalsHiddenGoal":false},{"Id":"Step_35","GoalName":"","OrderProcessingType":1,"CommandsWhenStart":["nitroapp BusinessDekkar I%e2%80%99ll+start+you+along+on+your+journey.++SSH+into+%7bDeviceIP%3aSecPrin_DandD_HoneypotTwo%7d+with+the+username+%3ccolor%3d%2300B7AC%3ehoneyTwo%3c%2fcolor%3e+and+the+password+%3ccolor%3d%2300B7AC%3eOhBother%21%3c%2fcolor%3e+when+prompted.++%3cfont%3d%22SpaceMono-Regular+SDF%22%3e%3cmark%3d%2300B7AC%3essh+honeyTwo%40%7bDeviceIP%3aSecPrin_DandD_HoneypotTwo%7d%3c%2fmark%3e%3c%2ffont%3e _ 0.5 true","smdelay 0.7","nitrocaption 0"],"AfterGoalsSteps":[],"CommandsWaitingFor":[{"Name":"nitrocaption","DeviceName":"","ArgsWaitingFor":["1"]}],"BlockOfGoalsStepsIds":[],"BlockOfGoalsNextStepId":"","BlockOfGoalsOptionalGoal":false,"BlockOfGoalsHiddenGoal":false},{"Id":"Step_36","GoalName":"Learn about honeynets","OrderProcessingType":2,"CommandsWhenStart":[],"AfterGoalsSteps":[],"CommandsWaitingFor":[{"Name":"ssh","DeviceName":"SecPrin_DandD_HoneypotTwo","ArgsWaitingFor":[]}],"BlockOfGoalsStepsIds":[],"BlockOfGoalsNextStepId":"","BlockOfGoalsOptionalGoal":false,"BlockOfGoalsHiddenGoal":false},{"Id":"Step_37","GoalName":"","OrderProcessingType":1,"CommandsWhenStart":["nitroapp BusinessRASCAL Now+is+the+time+to+reinforce+why+we+have+this+honeynet+set+up.+ _ 0.5 true","smdelay 0.7","nitrocaption 1"],"AfterGoalsSteps":[],"CommandsWaitingFor":[{"Name":"nitrocaption","DeviceName":"","ArgsWaitingFor":["1"]}],"BlockOfGoalsStepsIds":[],"BlockOfGoalsNextStepId":"","BlockOfGoalsOptionalGoal":false,"BlockOfGoalsHiddenGoal":false},{"Id":"Step_38","GoalName":"","OrderProcessingType":1,"CommandsWhenStart":["nitroapp BusinessRASCAL I+want+to+reiterate.+A+huge+advantage+of+setting+up+a+honeypot%2fhoneynet+is+that+an+organization%e2%80%99s+security+team+can+monitor+and+watch. _ 0.5 true","smdelay 0.7","nitrocaption 1"],"AfterGoalsSteps":[],"CommandsWaitingFor":[{"Name":"nitrocaption","DeviceName":"","ArgsWaitingFor":["1"]}],"BlockOfGoalsStepsIds":[],"BlockOfGoalsNextStepId":"","BlockOfGoalsOptionalGoal":false,"BlockOfGoalsHiddenGoal":false},{"Id":"Step_39","GoalName":"","OrderProcessingType":1,"CommandsWhenStart":["nitroapp BusinessRASCAL However%2c+what+if+a+threat+actor+has+gained+access%2c+but+has+not+set+off+any+alerts%3f++How+would+a+security+team+know+to+start+monitoring%3f+One+way+is+with+honeyfiles. _ 0.5 true","smdelay 0.7","nitrocaption 1"],"AfterGoalsSteps":[],"CommandsWaitingFor":[{"Name":"nitrocaption","DeviceName":"","ArgsWaitingFor":["1"]}],"BlockOfGoalsStepsIds":[],"BlockOfGoalsNextStepId":"","BlockOfGoalsOptionalGoal":false,"BlockOfGoalsHiddenGoal":false},{"Id":"Step_40","GoalName":"","OrderProcessingType":1,"CommandsWhenStart":["nitroapp BusinessRASCAL %3ccolor%3d%2300B7AC%3ehoneyfiles%3c%2fcolor%3e+are+files+that+attract+the+attention+of+the+threat+actors. _ 0.5 true","smdelay 0.7","nitrocaption 1"],"AfterGoalsSteps":[],"CommandsWaitingFor":[{"Name":"nitrocaption","DeviceName":"","ArgsWaitingFor":["1"]}],"BlockOfGoalsStepsIds":[],"BlockOfGoalsNextStepId":"","BlockOfGoalsOptionalGoal":false,"BlockOfGoalsHiddenGoal":false},{"Id":"Step_41","GoalName":"","OrderProcessingType":1,"CommandsWhenStart":["nitroapp BusinessDekkar That%e2%80%99s+right+Rascal%2c+one+does+attract+more+files+with+honey.++So+honeyfiles+are+made+with+fake+information%2c+but+also+made+to+look+as+if+they+contain+highly+valuable+information. _ 0.5 true","smdelay 0.7","nitrocaption 1"],"AfterGoalsSteps":[],"CommandsWaitingFor":[{"Name":"nitrocaption","DeviceName":"","ArgsWaitingFor":["1"]}],"BlockOfGoalsStepsIds":[],"BlockOfGoalsNextStepId":"","BlockOfGoalsOptionalGoal":false,"BlockOfGoalsHiddenGoal":false},{"Id":"Step_42","GoalName":"","OrderProcessingType":1,"CommandsWhenStart":["nitroapp BusinessDekkar A+honeyfile+could+be+called+%3ccolor%3d%2300B7AC%3epasswords.txt%3c%2fcolor%3e+and+an+alert+is+setup+when+anyone+accesses+the+file.+ _ 0.5 true","smdelay 0.7","nitrocaption 1"],"AfterGoalsSteps":[],"CommandsWaitingFor":[{"Name":"nitrocaption","DeviceName":"","ArgsWaitingFor":["1"]}],"BlockOfGoalsStepsIds":[],"BlockOfGoalsNextStepId":"","BlockOfGoalsOptionalGoal":false,"BlockOfGoalsHiddenGoal":false},{"Id":"Step_43","GoalName":"","OrderProcessingType":1,"CommandsWhenStart":["nitroapp BusinessDekkar Creating+a+virtual+bear+trap+for+the+threat+actors. _ 0.5 true","smdelay 0.7","nitrocaption 1"],"AfterGoalsSteps":[],"CommandsWaitingFor":[{"Name":"nitrocaption","DeviceName":"","ArgsWaitingFor":["1"]}],"BlockOfGoalsStepsIds":[],"BlockOfGoalsNextStepId":"","BlockOfGoalsOptionalGoal":false,"BlockOfGoalsHiddenGoal":false},{"Id":"Step_44","GoalName":"","OrderProcessingType":1,"CommandsWhenStart":["nitroapp BusinessRASCAL I%e2%80%99ve+set+up+a+little+bit+of+a+honey+challenge+for+you%2c+%7bPlayerName%7d.++Somewhere+in+the+three+devices+listed+in+%3ccolor%3d%2300B7AC%3e%2fDocuments%2fstartHere.txt%3c%2fcolor%3e+is+a+file+called+%3ccolor%3d%2300B7AC%3efindMe.txt%3c%2fcolor%3e.+%3cfont%3d%22SpaceMono-Regular+SDF%22%3e%3cmark%3d%2300B7AC%3ecat+%2fDocuments%2fstartHere.txt%3c%2fmark%3e%3c%2ffont%3e _ 0.5 true","smdelay 0.7","nitrocaption 0"],"AfterGoalsSteps":[],"CommandsWaitingFor":[{"Name":"nitrocaption","DeviceName":"","ArgsWaitingFor":["1"]}],"BlockOfGoalsStepsIds":[],"BlockOfGoalsNextStepId":"","BlockOfGoalsOptionalGoal":false,"BlockOfGoalsHiddenGoal":false},{"Id":"Step_45","GoalName":"","OrderProcessingType":0,"CommandsWhenStart":[],"AfterGoalsSteps":[],"CommandsWaitingFor":[{"Name":"cat","DeviceName":"SecPrin_DandD_HoneypotTwo","ArgsWaitingFor":["/Documents/startHere.txt"]}],"BlockOfGoalsStepsIds":[],"BlockOfGoalsNextStepId":"","BlockOfGoalsOptionalGoal":false,"BlockOfGoalsHiddenGoal":false},{"Id":"Step_46","GoalName":"","OrderProcessingType":1,"CommandsWhenStart":["nitroapp BusinessRASCAL Excellent%2c+the+game+is+a+foot%21 _ 0.5 true","smdelay 0.7","nitrocaption 0"],"AfterGoalsSteps":[],"CommandsWaitingFor":[{"Name":"nitrocaption","DeviceName":"","ArgsWaitingFor":["1"]}],"BlockOfGoalsStepsIds":[],"BlockOfGoalsNextStepId":"","BlockOfGoalsOptionalGoal":false,"BlockOfGoalsHiddenGoal":false},{"Id":"Step_47","GoalName":"Learn about honeyfiles","OrderProcessingType":2,"CommandsWhenStart":[],"AfterGoalsSteps":[],"CommandsWaitingFor":[{"Name":"cat","DeviceName":"SecPrin_DandD_HoneypotThree","ArgsWaitingFor":["/Applications/secret/4myeyesonly/findMe.txt"]}],"BlockOfGoalsStepsIds":[],"BlockOfGoalsNextStepId":"","BlockOfGoalsOptionalGoal":false,"BlockOfGoalsHiddenGoal":false},{"Id":"Step_48","GoalName":"","OrderProcessingType":1,"CommandsWhenStart":["nitroapp BusinessDekkar Good+job%2c+%7bPlayerName%7d.+Again%2c+accessing+this+file+will+cause+an+alert+to+trigger%2c+letting+the+security+team+know+of+any+unauthorized+behavior. _ 0.5 true","smdelay 0.7","nitrocaption 1"],"AfterGoalsSteps":[],"CommandsWaitingFor":[{"Name":"nitrocaption","DeviceName":"","ArgsWaitingFor":["1"]}],"BlockOfGoalsStepsIds":[],"BlockOfGoalsNextStepId":"","BlockOfGoalsOptionalGoal":false,"BlockOfGoalsHiddenGoal":false},{"Id":"Step_49","GoalName":"","OrderProcessingType":1,"CommandsWhenStart":["nitroapp BusinessRASCAL Now+let%e2%80%99s+discuss+one+last+type+of+honey%2c+honeytokens. _ 0.5 true","smdelay 0.7","nitrocaption 1"],"AfterGoalsSteps":[],"CommandsWaitingFor":[{"Name":"nitrocaption","DeviceName":"","ArgsWaitingFor":["1"]}],"BlockOfGoalsStepsIds":[],"BlockOfGoalsNextStepId":"","BlockOfGoalsOptionalGoal":false,"BlockOfGoalsHiddenGoal":false},{"Id":"Step_50","GoalName":"","OrderProcessingType":1,"CommandsWhenStart":["nitroapp BusinessRASCAL %3ccolor%3d%2300B7AC%3eHoneytokens%3c%2fcolor%3e+are+tracible+data+added+to+the+honeynet.++If+this+data+is+stolen+and+used%2c+we+know+exactly+where+it+came+from. _ 0.5 true","smdelay 0.7","nitrocaption 1"],"AfterGoalsSteps":[],"CommandsWaitingFor":[{"Name":"nitrocaption","DeviceName":"","ArgsWaitingFor":["1"]}],"BlockOfGoalsStepsIds":[],"BlockOfGoalsNextStepId":"","BlockOfGoalsOptionalGoal":false,"BlockOfGoalsHiddenGoal":false},{"Id":"Step_51","GoalName":"","OrderProcessingType":1,"CommandsWhenStart":["nitroapp BusinessDekkar %7bPlayerName%7d%2c+Let%e2%80%99s+say+you+found+a+file+with+emails+and+passwords.+Go+to+the+website+%3ccolor%3d%2300B7AC%3ehoneytokens.com%3c%2fcolor%3e+and+use%3a%0awinnie%40honeytokens.com+%0aTutTutItLooksLikeRain%0ato+log+in. _ 0.5 true","smdelay 0.7","nitrocaption 0"],"AfterGoalsSteps":[],"CommandsWaitingFor":[{"Name":"nitrocaption","DeviceName":"","ArgsWaitingFor":["1"]}],"BlockOfGoalsStepsIds":[],"BlockOfGoalsNextStepId":"","BlockOfGoalsOptionalGoal":false,"BlockOfGoalsHiddenGoal":false},{"Id":"Step_52","GoalName":"Learn about honeytokens","OrderProcessingType":2,"CommandsWhenStart":[],"AfterGoalsSteps":[],"CommandsWaitingFor":[{"Name":"webbrowser_page","DeviceName":"","ArgsWaitingFor":["/var/html/www/honey.html"]}],"BlockOfGoalsStepsIds":[],"BlockOfGoalsNextStepId":"","BlockOfGoalsOptionalGoal":false,"BlockOfGoalsHiddenGoal":false},{"Id":"Step_53","GoalName":"","OrderProcessingType":1,"CommandsWhenStart":["miniscript println(%22Warning%2c+Honeytokens+were+used%21%22)","nitroapp BusinessDekkar Our+teams+can+monitor+the+internet+to+keep+watch+for+these+tokens%2c+allowing+us+to+know+who+uses+it.+Notice+you+received+an+alert+in+your+terminal.+ _ 0.5 true","smdelay 0.7","nitrocaption 1"],"AfterGoalsSteps":[],"CommandsWaitingFor":[{"Name":"nitrocaption","DeviceName":"","ArgsWaitingFor":["1"]}],"BlockOfGoalsStepsIds":[],"BlockOfGoalsNextStepId":"","BlockOfGoalsOptionalGoal":false,"BlockOfGoalsHiddenGoal":false},{"Id":"Step_54","GoalName":"","OrderProcessingType":1,"CommandsWhenStart":["nitroapp BusinessRASCAL Honeytokens+can+be+API+credentials%2c+fake+email+addresses%2c+database+records%2c+browser+cookies+or+webpage+pixels.+Just+remember+it%e2%80%99s+all+fake%2c+we+want+this+data+to+get+leaked+and+used+so+we+can+monitor+and+collect+data+on+the+threat+actors+who+have+stolen+it. _ 0.5 true","smdelay 0.7","nitrocaption 1"],"AfterGoalsSteps":[],"CommandsWaitingFor":[{"Name":"nitrocaption","DeviceName":"","ArgsWaitingFor":["1"]}],"BlockOfGoalsStepsIds":[],"BlockOfGoalsNextStepId":"","BlockOfGoalsOptionalGoal":false,"BlockOfGoalsHiddenGoal":false},{"Id":"Step_55","GoalName":"","OrderProcessingType":1,"CommandsWhenStart":["nitroapp BusinessRASCAL Now+%7bPlayerName%7d%2c+it%e2%80%99s+time+for+a+quiz+to+solidify+the+concepts+we+discussed.+ _ 0.5 true","smdelay 0.7","nitrocaption 1"],"AfterGoalsSteps":[],"CommandsWaitingFor":[{"Name":"nitrocaption","DeviceName":"","ArgsWaitingFor":["1"]}],"BlockOfGoalsStepsIds":[],"BlockOfGoalsNextStepId":"","BlockOfGoalsOptionalGoal":false,"BlockOfGoalsHiddenGoal":false},{"Id":"Step_56","GoalName":"","OrderProcessingType":1,"CommandsWhenStart":["miniscript browser(%22https%3a%2f%2fhoneytokens.com%2fQ1%22)","nitrocaption 0"],"AfterGoalsSteps":[],"CommandsWaitingFor":[{"Name":"skip","DeviceName":"","ArgsWaitingFor":[]}],"BlockOfGoalsStepsIds":[],"BlockOfGoalsNextStepId":"","BlockOfGoalsOptionalGoal":false,"BlockOfGoalsHiddenGoal":false},{"Id":"BlockOfGoals_57","GoalName":"","OrderProcessingType":3,"CommandsWhenStart":[],"AfterGoalsSteps":[],"CommandsWaitingFor":[],"BlockOfGoalsStepsIds":["BlockOfGoals_57_Goal_60","BlockOfGoals_57_Goal_61","BlockOfGoals_57_Goal_62","BlockOfGoals_57_Goal_63"],"BlockOfGoalsNextStepId":"Step_59","BlockOfGoalsOptionalGoal":false,"BlockOfGoalsHiddenGoal":false},{"Id":"BlockOfGoals_57_Goal_63","GoalName":"BlockOfGoals_57_Goal_63","OrderProcessingType":2,"CommandsWhenStart":[],"AfterGoalsSteps":[],"CommandsWaitingFor":[{"Name":"echo","DeviceName":"","ArgsWaitingFor":["D"]}],"BlockOfGoalsStepsIds":[],"BlockOfGoalsNextStepId":"","BlockOfGoalsOptionalGoal":false,"BlockOfGoalsHiddenGoal":true},{"Id":"BlockOfGoals_57_Goal_62","GoalName":"BlockOfGoals_57_Goal_62","OrderProcessingType":2,"CommandsWhenStart":[],"AfterGoalsSteps":["Step_64"],"CommandsWaitingFor":[{"Name":"echo","DeviceName":"","ArgsWaitingFor":["C"]}],"BlockOfGoalsStepsIds":[],"BlockOfGoalsNextStepId":"","BlockOfGoalsOptionalGoal":true,"BlockOfGoalsHiddenGoal":true},{"Id":"Step_64","GoalName":"","OrderProcessingType":1,"CommandsWhenStart":["nitroapp BusinessRASCAL %3ccolor%3d%23E82629%3eC%2c+incorrect.%3c%2fcolor%3e+While+this+is+a+type+of+system+used+in+deception+and+disruption%2c+so+are+all+the+others+listed. _ 0.5 true","smdelay 0.7","nitrocaption 0"],"AfterGoalsSteps":[],"CommandsWaitingFor":[{"Name":"nitrocaption","DeviceName":"","ArgsWaitingFor":["1"]}],"BlockOfGoalsStepsIds":[],"BlockOfGoalsNextStepId":"","BlockOfGoalsOptionalGoal":false,"BlockOfGoalsHiddenGoal":false},{"Id":"BlockOfGoals_57_Goal_61","GoalName":"BlockOfGoals_57_Goal_61","OrderProcessingType":2,"CommandsWhenStart":[],"AfterGoalsSteps":["Step_65"],"CommandsWaitingFor":[{"Name":"echo","DeviceName":"","ArgsWaitingFor":["B"]}],"BlockOfGoalsStepsIds":[],"BlockOfGoalsNextStepId":"","BlockOfGoalsOptionalGoal":true,"BlockOfGoalsHiddenGoal":true},{"Id":"Step_65","GoalName":"","OrderProcessingType":1,"CommandsWhenStart":["nitroapp BusinessRASCAL %3ccolor%3d%23E82629%3eB%2c+incorrect.%3c%2fcolor%3e+While+this+is+a+type+of+system+used+in+deception+and+disruption%2c+so+are+all+the+others+listed. _ 0.5 true","smdelay 0.7","nitrocaption 0"],"AfterGoalsSteps":[],"CommandsWaitingFor":[{"Name":"nitrocaption","DeviceName":"","ArgsWaitingFor":["1"]}],"BlockOfGoalsStepsIds":[],"BlockOfGoalsNextStepId":"","BlockOfGoalsOptionalGoal":false,"BlockOfGoalsHiddenGoal":false},{"Id":"BlockOfGoals_57_Goal_60","GoalName":"BlockOfGoals_57_Goal_60","OrderProcessingType":2,"CommandsWhenStart":[],"AfterGoalsSteps":["Step_66"],"CommandsWaitingFor":[{"Name":"echo","DeviceName":"","ArgsWaitingFor":["A"]}],"BlockOfGoalsStepsIds":[],"BlockOfGoalsNextStepId":"","BlockOfGoalsOptionalGoal":true,"BlockOfGoalsHiddenGoal":true},{"Id":"Step_66","GoalName":"","OrderProcessingType":1,"CommandsWhenStart":["nitroapp BusinessRASCAL %3ccolor%3d%23E82629%3eA%2c+incorrect.%3c%2fcolor%3e+While+this+is+a+type+of+system+used+in+deception+and+disruption%2c+so+are+all+the+others+listed. _ 0.5 true","smdelay 0.7","nitrocaption 0"],"AfterGoalsSteps":[],"CommandsWaitingFor":[{"Name":"nitrocaption","DeviceName":"","ArgsWaitingFor":["1"]}],"BlockOfGoalsStepsIds":[],"BlockOfGoalsNextStepId":"","BlockOfGoalsOptionalGoal":false,"BlockOfGoalsHiddenGoal":false},{"Id":"Step_59","GoalName":"","OrderProcessingType":1,"CommandsWhenStart":["nitroapp BusinessRASCAL %3ccolor%3d%2346FF33%3eD%2c+correct%21%3c%2fcolor%3e+All+are+a+type+of+systems+used+for+deception+and+disruption. _ 0.5 true","smdelay 0.7","nitrocaption 1"],"AfterGoalsSteps":[],"CommandsWaitingFor":[{"Name":"nitrocaption","DeviceName":"","ArgsWaitingFor":["1"]}],"BlockOfGoalsStepsIds":[],"BlockOfGoalsNextStepId":"","BlockOfGoalsOptionalGoal":false,"BlockOfGoalsHiddenGoal":false},{"Id":"Step_57","GoalName":"","OrderProcessingType":1,"CommandsWhenStart":["miniscript browser(%22https%3a%2f%2fhoneytokens.com%2fQ2%22)","nitrocaption 0"],"AfterGoalsSteps":[],"CommandsWaitingFor":[{"Name":"skip","DeviceName":"","ArgsWaitingFor":[]}],"BlockOfGoalsStepsIds":[],"BlockOfGoalsNextStepId":"","BlockOfGoalsOptionalGoal":false,"BlockOfGoalsHiddenGoal":false},{"Id":"BlockOfGoals_67","GoalName":"","OrderProcessingType":3,"CommandsWhenStart":[],"AfterGoalsSteps":[],"CommandsWaitingFor":[],"BlockOfGoalsStepsIds":["BlockOfGoals_67_Goal_69","BlockOfGoals_67_Goal_70","BlockOfGoals_67_Goal_71","BlockOfGoals_67_Goal_72"],"BlockOfGoalsNextStepId":"Step_67","BlockOfGoalsOptionalGoal":false,"BlockOfGoalsHiddenGoal":false},{"Id":"BlockOfGoals_67_Goal_72","GoalName":"BlockOfGoals_67_Goal_72","OrderProcessingType":2,"CommandsWhenStart":[],"AfterGoalsSteps":["Step_75"],"CommandsWaitingFor":[{"Name":"echo","DeviceName":"","ArgsWaitingFor":["D"]}],"BlockOfGoalsStepsIds":[],"BlockOfGoalsNextStepId":"","BlockOfGoalsOptionalGoal":true,"BlockOfGoalsHiddenGoal":true},{"Id":"Step_75","GoalName":"","OrderProcessingType":1,"CommandsWhenStart":["nitroapp BusinessRASCAL %3ccolor%3d%23E82629%3eD%2c+incorrect.%3c%2fcolor%3e+With+a+honeypot%2c+we+want+threat+actors+to+gain+access+and+waste+their+time+with+false+information. _ 0.5 true","smdelay 0.7","nitrocaption 0"],"AfterGoalsSteps":[],"CommandsWaitingFor":[{"Name":"nitrocaption","DeviceName":"","ArgsWaitingFor":["1"]}],"BlockOfGoalsStepsIds":[],"BlockOfGoalsNextStepId":"","BlockOfGoalsOptionalGoal":false,"BlockOfGoalsHiddenGoal":false},{"Id":"BlockOfGoals_67_Goal_71","GoalName":"BlockOfGoals_67_Goal_71","OrderProcessingType":2,"CommandsWhenStart":[],"AfterGoalsSteps":["Step_74"],"CommandsWaitingFor":[{"Name":"echo","DeviceName":"","ArgsWaitingFor":["C"]}],"BlockOfGoalsStepsIds":[],"BlockOfGoalsNextStepId":"","BlockOfGoalsOptionalGoal":true,"BlockOfGoalsHiddenGoal":true},{"Id":"Step_74","GoalName":"","OrderProcessingType":1,"CommandsWhenStart":["nitroapp BusinessRASCAL %3ccolor%3d%23E82629%3eC%2c+incorrect.%3c%2fcolor%3e+With+a+honeypot%2c+we+want+threat+actors+to+gain+access+and+waste+their+time+with+false+information. _ 0.5 true","smdelay 0.7","nitrocaption 0"],"AfterGoalsSteps":[],"CommandsWaitingFor":[{"Name":"nitrocaption","DeviceName":"","ArgsWaitingFor":["1"]}],"BlockOfGoalsStepsIds":[],"BlockOfGoalsNextStepId":"","BlockOfGoalsOptionalGoal":false,"BlockOfGoalsHiddenGoal":false},{"Id":"BlockOfGoals_67_Goal_70","GoalName":"BlockOfGoals_67_Goal_70","OrderProcessingType":2,"CommandsWhenStart":[],"AfterGoalsSteps":[],"CommandsWaitingFor":[{"Name":"echo","DeviceName":"","ArgsWaitingFor":["B"]}],"BlockOfGoalsStepsIds":[],"BlockOfGoalsNextStepId":"","BlockOfGoalsOptionalGoal":false,"BlockOfGoalsHiddenGoal":true},{"Id":"BlockOfGoals_67_Goal_69","GoalName":"BlockOfGoals_67_Goal_69","OrderProcessingType":2,"CommandsWhenStart":[],"AfterGoalsSteps":["Step_73"],"CommandsWaitingFor":[{"Name":"echo","DeviceName":"","ArgsWaitingFor":["A"]}],"BlockOfGoalsStepsIds":[],"BlockOfGoalsNextStepId":"","BlockOfGoalsOptionalGoal":true,"BlockOfGoalsHiddenGoal":true},{"Id":"Step_73","GoalName":"","OrderProcessingType":1,"CommandsWhenStart":["nitroapp BusinessRASCAL %3ccolor%3d%23E82629%3eA%2c+incorrect.%3c%2fcolor%3e+This+is+known+as+spyware. _ 0.5 true","smdelay 0.7","nitrocaption 0"],"AfterGoalsSteps":[],"CommandsWaitingFor":[{"Name":"nitrocaption","DeviceName":"","ArgsWaitingFor":["1"]}],"BlockOfGoalsStepsIds":[],"BlockOfGoalsNextStepId":"","BlockOfGoalsOptionalGoal":false,"BlockOfGoalsHiddenGoal":false},{"Id":"Step_67","GoalName":"","OrderProcessingType":1,"CommandsWhenStart":["nitroapp BusinessRASCAL %3ccolor%3d%2346FF33%3eB%2c+correct%21%3c%2fcolor%3e+Just+remember+you+can+catch+more+flies+with+honey+than+vinegar. _ 0.5 true","smdelay 0.7","nitrocaption 1"],"AfterGoalsSteps":[],"CommandsWaitingFor":[{"Name":"nitrocaption","DeviceName":"","ArgsWaitingFor":["1"]}],"BlockOfGoalsStepsIds":[],"BlockOfGoalsNextStepId":"","BlockOfGoalsOptionalGoal":false,"BlockOfGoalsHiddenGoal":false},{"Id":"Step_76","GoalName":"","OrderProcessingType":1,"CommandsWhenStart":["miniscript browser(%22https%3a%2f%2fhoneytokens.com%2fQ3%22)","nitrocaption 0"],"AfterGoalsSteps":[],"CommandsWaitingFor":[{"Name":"skip","DeviceName":"","ArgsWaitingFor":[]}],"BlockOfGoalsStepsIds":[],"BlockOfGoalsNextStepId":"","BlockOfGoalsOptionalGoal":false,"BlockOfGoalsHiddenGoal":false},{"Id":"BlockOfGoals_77","GoalName":"","OrderProcessingType":3,"CommandsWhenStart":[],"AfterGoalsSteps":[],"CommandsWaitingFor":[],"BlockOfGoalsStepsIds":["BlockOfGoals_77_Goal_79","BlockOfGoals_77_Goal_80","BlockOfGoals_77_Goal_81","BlockOfGoals_77_Goal_82"],"BlockOfGoalsNextStepId":"Step_77","BlockOfGoalsOptionalGoal":false,"BlockOfGoalsHiddenGoal":false},{"Id":"BlockOfGoals_77_Goal_82","GoalName":"BlockOfGoals_77_Goal_82","OrderProcessingType":2,"CommandsWhenStart":[],"AfterGoalsSteps":["Step_85"],"CommandsWaitingFor":[{"Name":"echo","DeviceName":"","ArgsWaitingFor":["D"]}],"BlockOfGoalsStepsIds":[],"BlockOfGoalsNextStepId":"","BlockOfGoalsOptionalGoal":true,"BlockOfGoalsHiddenGoal":true},{"Id":"Step_85","GoalName":"","OrderProcessingType":1,"CommandsWhenStart":["nitroapp BusinessRASCAL %3ccolor%3d%23E82629%3eD.+incorrect.%3c%2fcolor%3e+Honeypots+do+not+increase+network+performance. _ 0.5 true","smdelay 0.7","nitrocaption 0"],"AfterGoalsSteps":[],"CommandsWaitingFor":[{"Name":"nitrocaption","DeviceName":"","ArgsWaitingFor":["1"]}],"BlockOfGoalsStepsIds":[],"BlockOfGoalsNextStepId":"","BlockOfGoalsOptionalGoal":false,"BlockOfGoalsHiddenGoal":false},{"Id":"BlockOfGoals_77_Goal_81","GoalName":"Quick Quiz","OrderProcessingType":2,"CommandsWhenStart":[],"AfterGoalsSteps":[],"CommandsWaitingFor":[{"Name":"echo","DeviceName":"","ArgsWaitingFor":["C"]}],"BlockOfGoalsStepsIds":[],"BlockOfGoalsNextStepId":"","BlockOfGoalsOptionalGoal":false,"BlockOfGoalsHiddenGoal":false},{"Id":"BlockOfGoals_77_Goal_80","GoalName":"BlockOfGoals_77_Goal_80","OrderProcessingType":2,"CommandsWhenStart":[],"AfterGoalsSteps":["Step_84"],"CommandsWaitingFor":[{"Name":"echo","DeviceName":"","ArgsWaitingFor":["B"]}],"BlockOfGoalsStepsIds":[],"BlockOfGoalsNextStepId":"","BlockOfGoalsOptionalGoal":true,"BlockOfGoalsHiddenGoal":true},{"Id":"Step_84","GoalName":"","OrderProcessingType":1,"CommandsWhenStart":["nitroapp BusinessRASCAL %3ccolor%3d%23E82629%3eB%2c+incorrect.%3c%2fcolor%3e+Honeypots+are+not+a+preventive+measure. _ 0.5 true","smdelay 0.7","nitrocaption 0"],"AfterGoalsSteps":[],"CommandsWaitingFor":[{"Name":"nitrocaption","DeviceName":"","ArgsWaitingFor":["1"]}],"BlockOfGoalsStepsIds":[],"BlockOfGoalsNextStepId":"","BlockOfGoalsOptionalGoal":false,"BlockOfGoalsHiddenGoal":false},{"Id":"BlockOfGoals_77_Goal_79","GoalName":"BlockOfGoals_77_Goal_79","OrderProcessingType":2,"CommandsWhenStart":[],"AfterGoalsSteps":["Step_83"],"CommandsWaitingFor":[{"Name":"echo","DeviceName":"","ArgsWaitingFor":["A"]}],"BlockOfGoalsStepsIds":[],"BlockOfGoalsNextStepId":"","BlockOfGoalsOptionalGoal":true,"BlockOfGoalsHiddenGoal":true},{"Id":"Step_83","GoalName":"","OrderProcessingType":1,"CommandsWhenStart":["nitroapp BusinessRASCAL %3ccolor%3d%23E82629%3eA%2c+incorrect.%3c%2fcolor%3e+ _ 0.5 true","smdelay 0.7","nitrocaption 0"],"AfterGoalsSteps":[],"CommandsWaitingFor":[{"Name":"nitrocaption","DeviceName":"","ArgsWaitingFor":["1"]}],"BlockOfGoalsStepsIds":[],"BlockOfGoalsNextStepId":"","BlockOfGoalsOptionalGoal":false,"BlockOfGoalsHiddenGoal":false},{"Id":"Step_77","GoalName":"","OrderProcessingType":1,"CommandsWhenStart":["nitroapp BusinessRASCAL %3ccolor%3d%2346FF33%3eC%2c+correct%21%3c%2fcolor%3e+With+the+honeypot+specifically+designed%2c+false+positives+are+low+and+the+security+team+will+know+immediately+if+threat+actors+access+the+system+and+start+monitoring. _ 0.5 true","smdelay 0.7","nitrocaption 1"],"AfterGoalsSteps":[],"CommandsWaitingFor":[{"Name":"nitrocaption","DeviceName":"","ArgsWaitingFor":["1"]}],"BlockOfGoalsStepsIds":[],"BlockOfGoalsNextStepId":"","BlockOfGoalsOptionalGoal":false,"BlockOfGoalsHiddenGoal":false},{"Id":"Step_86","GoalName":"","OrderProcessingType":1,"CommandsWhenStart":["nitroapp BusinessDekkar Good+work+%7bPlayerName%7d.+You+now+have+a+better+understanding+of+Security+Principle+of+Deception+and+Disruption. _ 0.5 true","smdelay 0.7","nitrocaption 2"],"AfterGoalsSteps":[],"CommandsWaitingFor":[{"Name":"nitrocaption","DeviceName":"","ArgsWaitingFor":["1"]}],"BlockOfGoalsStepsIds":[],"BlockOfGoalsNextStepId":"","BlockOfGoalsOptionalGoal":false,"BlockOfGoalsHiddenGoal":false}],"Cutscenes":{"hasStartCutscene":true,"startCutscene":{"name":"Deception+and+Disruption_start","ImageType":7,"textList":[{"Text":"Hello+again%2c+%7bPlayerName%7d.++In+this+training+module%2c+we+will+be+discussing+the+cyber+security+principle+of+Deception+and+Disruption.","NPC":0,"Emotion":0},{"Text":"Let%e2%80%99s+jump+right+in%21","NPC":0,"Emotion":1}]},"hasEndCutscene":true,"endCutscene":{"name":"Deception+and+Disruption_end","ImageType":7,"textList":[{"Text":"%7bPlayerName%7d%2c+today+we+learned+about+honeypots%2c+honeynets%2c+honeyfiles+and+honeytokens.","NPC":0,"Emotion":0},{"Text":"Using+these+for+deception+and+lead+to+disruption+of+threat+actor+activities%2c+not+only+by+wasting+their+time%2c+but+by+collecting+critical+information+about+their+behaviors.","NPC":0,"Emotion":1},{"Text":"Using+this+data%2c+security+teams+can+improve+their+security+for+their+real+systems.","NPC":0,"Emotion":2},{"Text":"%e2%80%9cIf+you+know+the+enemy+and+know+yourself%2c+you+need+not+fear+the+result+of+a+hundred+battles.+If+you+know+yourself+but+not+the+enemy%2c+for+every+victory+gained+you+will+also+suffer+a+defeat.+If+you+know+neither+the+enemy+nor+yourself%2c+you+will+succumb+in+every+battle.%e2%80%9d%0a%e2%80%95+Sun+Tzu%2c+The+Art+of+War","NPC":0,"Emotion":3}]},"hasFailCutscene":false,"failCutscene":{"name":"","ImageType":0,"textList":[]}},"IsMiniscriptDriven":false,"Miniscript":"","LocalizationEntries":[],"EncryptedStorySteps":"","PublishedMissionId":0,"LastChangeDate":1716956551.81}